n	repo	path	sha	license	url
1	hango-io/hango-gateway	install/crds/crd-17.yaml	3e5e2bdb113ba910ab9e01ccd046ed36e0d00ac7	NOASSERTION	https://github.com/hango-io/hango-gateway/blob/18cbd10ee8c19a67276a02c71fe4ba891e45cd5a/install/crds/crd-17.yaml
2	cloudnativebooks/cloud-native-istio	12_security/12.2/JWT-enable.yaml	12747f47d4d73f0b5db5d6fb17aab6842d87b4ad	NOASSERTION	https://github.com/cloudnativebooks/cloud-native-istio/blob/8ddf97075c42709b4f89805c2f23dbc8a3f4d530/12_security/12.2/JWT-enable.yaml
3	istio-ecosystem/authservice	examples/minimal/authz-policy.yaml	53605e7eace11fcffd61db7d8b29d40e36fd771d	NOASSERTION	https://github.com/istio-ecosystem/authservice/blob/046d5c5cec22bba84dda4efd60aab555e371074a/examples/minimal/authz-policy.yaml
4	cloudnativebooks/cloud-native-istio	12_security/12.2/JWT-end-user.yaml	7d5a338b48d5250d34c26322f4bdf6187bfb098d	NOASSERTION	https://github.com/cloudnativebooks/cloud-native-istio/blob/8ddf97075c42709b4f89805c2f23dbc8a3f4d530/12_security/12.2/JWT-end-user.yaml
5	meganokeefe/istiobyexample	yaml/jwt/jwt.yaml	f537c1887a8d4640cb7bdfe73a2d0bd4924a54c3	NOASSERTION	https://github.com/meganokeefe/istiobyexample/blob/3c93c3634a12355ecce5523447667c1b03e74d22/yaml/jwt/jwt.yaml
6	deckhouse/deckhouse	modules/110-istio/_crds/istio/1.21/crd-all.gen.yaml	45f40e73b8ee2d04d30dd626fb03ed5e05100ab2	NOASSERTION	https://github.com/deckhouse/deckhouse/blob/e634b4687adf0ebff3670928577da5b28d116cd5/modules/110-istio/_crds/istio/1.21/crd-all.gen.yaml
7	opea-project/GenAIInfra	authN-authZ/auth-istio/chatQnA_authN_oauth.yaml	fa67f81cb5e0a00bd666b34bac4386466cab30f4	NOASSERTION	https://github.com/opea-project/GenAIInfra/blob/9200b371d3eb08a33607b23e6f66b7ae5afc4346/authN-authZ/auth-istio/chatQnA_authN_oauth.yaml
8	salrashid123/istio_helloworld	auth_rbac_policy/auth-policy.yaml	e348f781f9ba468248abe6d576cfdf7465106245	NOASSERTION	https://github.com/salrashid123/istio_helloworld/blob/c2dd01c5cc83e29e520f89aa1cb11b899ab2658f/auth_rbac_policy/auth-policy.yaml
9	PacktPublishing/Kubernetes---An-Enterprise-Guide-2E	chapter13/authentication/service-auth.yaml	c040fb56df8d6ad57e84c0f20d6d402d532a4dd6	NOASSERTION	https://github.com/PacktPublishing/Kubernetes---An-Enterprise-Guide-2E/blob/357642cab83c2400d3a5bb9771ea019d33aa554c/chapter13/authentication/service-auth.yaml
10	PacktPublishing/Microservices-with-Spring-Boot-and-Spring-Cloud-Third-Edition	Chapter18/kubernetes/helm/common/templates/_istio_base.yaml	a65b64a48c8e98a12658da8306f31a73368418bb	NOASSERTION	https://github.com/PacktPublishing/Microservices-with-Spring-Boot-and-Spring-Cloud-Third-Edition/blob/816693dc82d65e880cead018bf3be08fcbefdd74/Chapter18/kubernetes/helm/common/templates/_istio_base.yaml
11	VergeOps/k8s-rvstore	istio/authpolicy.yaml	4bfd2cddfbb0a39c679af40f5a51fe5b36775ec5	NOASSERTION	https://github.com/VergeOps/k8s-rvstore/blob/cfc3fce8b6266730e0eded753b46fd4daeae0b0d/istio/authpolicy.yaml
12	apssouza22/service-mesh-istio	13-authentication.yaml	c1b0bd8816710da1669f331847a534e86c766677	NOASSERTION	https://github.com/apssouza22/service-mesh-istio/blob/6461cde79a898dee7dffac3216b0e03318c48489/13-authentication.yaml
13	opea-project/GenAIInfra	authN-authZ/auth-istio/gmc-based/chatQnA_authN_fakejwt.yaml	d3c96a8303a3622425ce53048ae7041e159e2a08	NOASSERTION	https://github.com/opea-project/GenAIInfra/blob/9200b371d3eb08a33607b23e6f66b7ae5afc4346/authN-authZ/auth-istio/gmc-based/chatQnA_authN_fakejwt.yaml
14	alexcheng1982/happyride	devops/k8s/istio/passenger-api-graphql-auth.yaml	6a8cf2ad54717d00929c01c8b327144d17da51b2	NOASSERTION	https://github.com/alexcheng1982/happyride/blob/17a507fca213d87dab849b6cef6f1f469433b42e/devops/k8s/istio/passenger-api-graphql-auth.yaml
15	PacktPublishing/Kubernetes-An-Enterprise-Guide-Third-Edition	chapter17/authentication/service-auth.yaml	8bac88d7676de217624c2d44788f6077d08c81f4	NOASSERTION	https://github.com/PacktPublishing/Kubernetes-An-Enterprise-Guide-Third-Edition/blob/f8ad4b0f361c035173f6632521c20e295baa7822/chapter17/authentication/service-auth.yaml
16	fenixsoft/servicemesh_arch_istio	bookstore.yml	80195603a52d036208b7eab3aa23bef3db5fd596	NOASSERTION	https://github.com/fenixsoft/servicemesh_arch_istio/blob/de26abf5b5956a4c276c7761f82c44071bc1f58f/bookstore.yml
17	rhthsa/openshift-demo	manifests/frontend-jwt.yaml	2d839f621441b268c6f6aa8e9bc16a8acaad05c7	NOASSERTION	https://github.com/rhthsa/openshift-demo/blob/d5c717225ea3a28f9222d3f01501ab062c0d9af0/manifests/frontend-jwt.yaml
18	virtru-corp/virtru-charts	platform/templates/istio-auth/auth.yaml	b1c63bdb16e32142eec8b6e1816fb4ffc43c03ca	NOASSERTION	https://github.com/virtru-corp/virtru-charts/blob/287e1ba4efa0f58b48a89c9c9ec2aa60d31b659c/platform/templates/istio-auth/auth.yaml
19	DickChesterwood/istio-fleetman	_course_files/arm64/7-mTLS/1-istio-init.yaml	c380038bb0420db12a9c44c4695e21239c422427	NOASSERTION	https://github.com/DickChesterwood/istio-fleetman/blob/15bcd114165599c55afcfe7d0f0cd3515ec6f673/_course_files/arm64/7-mTLS/1-istio-init.yaml
20	DickChesterwood/istio-fleetman	_course_files/x86_amd64/7-mTLS/1-istio-init.yaml	c380038bb0420db12a9c44c4695e21239c422427	NOASSERTION	https://github.com/DickChesterwood/istio-fleetman/blob/15bcd114165599c55afcfe7d0f0cd3515ec6f673/_course_files/x86_amd64/7-mTLS/1-istio-init.yaml
21	banzaicloud/istio-operator	internal/assets/manifests/base/crds/crd-all.gen.yaml	7c2948565d2fbc9a273e0978613154c0b5f34380	NOASSERTION	https://github.com/banzaicloud/istio-operator/blob/d6b1c99dc80879e341801bfd9e28cbaabcb07143/internal/assets/manifests/base/crds/crd-all.gen.yaml
22	DickChesterwood/istio-fleetman	_course_files/arm64/1-Telemetry/1-istio-init.yaml	c380038bb0420db12a9c44c4695e21239c422427	NOASSERTION	https://github.com/DickChesterwood/istio-fleetman/blob/15bcd114165599c55afcfe7d0f0cd3515ec6f673/_course_files/arm64/1-Telemetry/1-istio-init.yaml
23	GoogleCloudPlatform/asm-user-auth	samples/rctoken-authz.yaml	5065e202767650a8c9234644adf5b94a67d23662	NOASSERTION	https://github.com/GoogleCloudPlatform/asm-user-auth/blob/66a857689466751f03f0cade6045bfff31eb196a/samples/rctoken-authz.yaml
24	maistra/istio	pkg/config/schema/metadata.yaml	0731ff6ac0452f23252ce1f1c9425bfa7e64ebd8	NOASSERTION	https://github.com/maistra/istio/blob/b657bcf2488b7c0bcf502782954419ebba04edf2/pkg/config/schema/metadata.yaml
25	erkules/k8sworkshop	Istio/requestauthentication.yaml	ed2ecc4cf89cb4d5ee2e54fb996dd4cbfeaf6818	NOASSERTION	https://github.com/erkules/k8sworkshop/blob/0852bdcf4a55aaddad53ce82dfb01053dee6215a/Istio/requestauthentication.yaml
26	MHRA/products	manifests/doc-index-updater/base/authentication.yaml	b6f0289d94366e4018092dc04c68f539e4fda9b7	NOASSERTION	https://github.com/MHRA/products/blob/5d493e01b1bdd617141529949f8dabed0184e15e/manifests/doc-index-updater/base/authentication.yaml
27	DickChesterwood/istio-fleetman	_course_files/arm64/4-Dark-Releases/1-istio-init.yaml	c380038bb0420db12a9c44c4695e21239c422427	NOASSERTION	https://github.com/DickChesterwood/istio-fleetman/blob/15bcd114165599c55afcfe7d0f0cd3515ec6f673/_course_files/arm64/4-Dark-Releases/1-istio-init.yaml
28	GerritCodeReview/gerrit-monitoring	charts/istio.yaml	5ab42f339e9e71aff4c562a4d9802e7f3a4b0d14	NOASSERTION	https://github.com/GerritCodeReview/gerrit-monitoring/blob/7f71bd51509dfabdb088f4a3332e5efd7f8c891e/charts/istio.yaml
29	arrikto/oidc-authservice	e2e/manifests/istio-1-6-0/base/dump.yaml	ac2ae0fb6a21e3e5c2e5a9bfa2d02c60693b8a6b	NOASSERTION	https://github.com/arrikto/oidc-authservice/blob/0c4ea9aa5e962c7f946c1acb65cfae3b0f604817/e2e/manifests/istio-1-6-0/base/dump.yaml
30	DickChesterwood/istio-fleetman	_course_files/arm64/5-Fault-Injection/1-istio-init.yaml	c380038bb0420db12a9c44c4695e21239c422427	NOASSERTION	https://github.com/DickChesterwood/istio-fleetman/blob/15bcd114165599c55afcfe7d0f0cd3515ec6f673/_course_files/arm64/5-Fault-Injection/1-istio-init.yaml
31	kalmhq/kalm	controller/resources/istio/crd-all.gen.yaml	9cf7d8f27917ebe9b7c0b2cb67d1e8032d2be1d5	NOASSERTION	https://github.com/kalmhq/kalm/blob/3479e59635ad728130d9991fb360f8bd02890ecb/controller/resources/istio/crd-all.gen.yaml
32	aptakube/kubespec.dev	content/projects/istio/1.8.2/crd-all.gen.yaml	35b4db8c01ef6abc9b130ec76a9493f942765dd7	NOASSERTION	https://github.com/aptakube/kubespec.dev/blob/cfe55be89bfaed621cc5f3d4a5e6d88ef22782ab/content/projects/istio/1.8.2/crd-all.gen.yaml
33	aptakube/kubespec.dev	content/projects/istio/1.8.1/crd-all.gen.yaml	deea651743e2c8db1f6fc8942a51e4f36c8c7312	NOASSERTION	https://github.com/aptakube/kubespec.dev/blob/cfe55be89bfaed621cc5f3d4a5e6d88ef22782ab/content/projects/istio/1.8.1/crd-all.gen.yaml
34	aptakube/kubespec.dev	content/projects/istio/1.8.0/crd-all.gen.yaml	deea651743e2c8db1f6fc8942a51e4f36c8c7312	NOASSERTION	https://github.com/aptakube/kubespec.dev/blob/cfe55be89bfaed621cc5f3d4a5e6d88ef22782ab/content/projects/istio/1.8.0/crd-all.gen.yaml
35	aptakube/kubespec.dev	content/projects/istio/1.8.5/crd-all.gen.yaml	6919f674b53a06570570321b489c5243fb0bb38e	NOASSERTION	https://github.com/aptakube/kubespec.dev/blob/cfe55be89bfaed621cc5f3d4a5e6d88ef22782ab/content/projects/istio/1.8.5/crd-all.gen.yaml
36	aptakube/kubespec.dev	content/projects/istio/1.8.6/crd-all.gen.yaml	6919f674b53a06570570321b489c5243fb0bb38e	NOASSERTION	https://github.com/aptakube/kubespec.dev/blob/cfe55be89bfaed621cc5f3d4a5e6d88ef22782ab/content/projects/istio/1.8.6/crd-all.gen.yaml
37	envoyproxy/envoy	configs/jwt_authn.yaml	384f47438c91cc10e55905877bfe7c25c253de07	NOASSERTION	https://github.com/envoyproxy/envoy/blob/6f74bc5bcf6cc85171abc8ead96fe1fa7db6d389/configs/jwt_authn.yaml
38	envoyproxy/envoy	changelogs/changelogs.yaml	28896282cb1977d3c66a870073f8bbd2796ac1ea	NOASSERTION	https://github.com/envoyproxy/envoy/blob/6f74bc5bcf6cc85171abc8ead96fe1fa7db6d389/changelogs/changelogs.yaml
39	envoyproxy/envoy	changelogs/1.31.0.yaml	67c350f83d8edb0c7f051cbe0120c809a29f1639	NOASSERTION	https://github.com/envoyproxy/envoy/blob/6f74bc5bcf6cc85171abc8ead96fe1fa7db6d389/changelogs/1.31.0.yaml
40	envoyproxy/envoy	changelogs/1.34.0.yaml	4cdf44ccb8690e6325c0b1fa6af579a8878ace87	NOASSERTION	https://github.com/envoyproxy/envoy/blob/6f74bc5bcf6cc85171abc8ead96fe1fa7db6d389/changelogs/1.34.0.yaml
41	envoyproxy/envoy	changelogs/1.30.0.yaml	4b6ced2387e8a77604970036a98bd076f59f3454	NOASSERTION	https://github.com/envoyproxy/envoy/blob/6f74bc5bcf6cc85171abc8ead96fe1fa7db6d389/changelogs/1.30.0.yaml
42	iKubernetes/servicemesh_in_practise	Security/jwt_authn/front-envoy.yaml	b618f0a40680e97d32cb9c9fe1a1d4ffb332449f	NOASSERTION	https://github.com/iKubernetes/servicemesh_in_practise/blob/ee63762b8c7e6ee5bee4d70d992133de87412225/Security/jwt_authn/front-envoy.yaml
43	kgateway-dev/kgateway	pkg/kgateway/translator/gateway/testutils/inputs/jwt/rbac.yaml	410163233778f37adc3c0c30e66ea801ac2442f0	NOASSERTION	https://github.com/kgateway-dev/kgateway/blob/97c3588b3f27ee1851961fd30c5e26415be763c6/pkg/kgateway/translator/gateway/testutils/inputs/jwt/rbac.yaml
44	xczhw/my-envoy	configs/jwt_authn.yaml	725460fdcd9c670561fb279367f4074d6faab8e3	NOASSERTION	https://github.com/xczhw/my-envoy/blob/fdf57ea1d37f159ffb71d04ec8dd264c443c2374/configs/jwt_authn.yaml
45	kgateway-dev/kgateway	pkg/kgateway/translator/gateway/testutils/inputs/rbac/route-cel-rbac.yaml	930a04dccc28733e9ffaebce41684f9292fe6df7	NOASSERTION	https://github.com/kgateway-dev/kgateway/blob/97c3588b3f27ee1851961fd30c5e26415be763c6/pkg/kgateway/translator/gateway/testutils/inputs/rbac/route-cel-rbac.yaml
46	kgateway-dev/kgateway	pkg/kgateway/translator/gateway/testutils/inputs/rbac/httproute-cel-rbac.yaml	0b4e0af963e341f3fddd48c94dceb6d240331912	NOASSERTION	https://github.com/kgateway-dev/kgateway/blob/97c3588b3f27ee1851961fd30c5e26415be763c6/pkg/kgateway/translator/gateway/testutils/inputs/rbac/httproute-cel-rbac.yaml
47	kgateway-dev/kgateway	pkg/kgateway/translator/gateway/testutils/outputs/jwt/httproute.yaml	ba9925729897ca2d4ceaad0664d9d282a8dc4b30	NOASSERTION	https://github.com/kgateway-dev/kgateway/blob/97c3588b3f27ee1851961fd30c5e26415be763c6/pkg/kgateway/translator/gateway/testutils/outputs/jwt/httproute.yaml
48	kgateway-dev/kgateway	pkg/kgateway/translator/gateway/testutils/outputs/jwt/gateway-and-route.yaml	4c059f6acb3644e572398ea87e99a94da2f03d9d	NOASSERTION	https://github.com/kgateway-dev/kgateway/blob/97c3588b3f27ee1851961fd30c5e26415be763c6/pkg/kgateway/translator/gateway/testutils/outputs/jwt/gateway-and-route.yaml
49	teaglebuilt/envoy-sandbox	filters/jwt_authn.yaml	a193a9f47dfa0fa2a96c7416efd2a3fdb62103a2	NOASSERTION	https://github.com/teaglebuilt/envoy-sandbox/blob/915426d15bb456ab17feac04745a0c964e244f6c/filters/jwt_authn.yaml
50	DimaMend/MonoRepo	envoy/configs/jwt_authn.yaml	725460fdcd9c670561fb279367f4074d6faab8e3	NOASSERTION	https://github.com/DimaMend/MonoRepo/blob/cf07e058ce7fe022ffb20d857cc30acaeac6f45b/envoy/configs/jwt_authn.yaml
51	SurendraNadh98/test	envoy-main/configs/jwt_authn.yaml	384f47438c91cc10e55905877bfe7c25c253de07	NOASSERTION	https://github.com/SurendraNadh98/test/blob/e3a89c8d7b2cc9cfb3cd83965568adeb2cb8e0d3/envoy-main/configs/jwt_authn.yaml
52	jargonzhou/application-store	ops/envoy/jwt_authn/envoy.yaml	838bae66aa02ca75f7e0fb8aaa5145531e901f22	NOASSERTION	https://github.com/jargonzhou/application-store/blob/9e8c4b12ab2be8ac9dec324b2fb7bcf444084121/ops/envoy/jwt_authn/envoy.yaml
53	Apicurio/apicurio-registry	distro/docker-compose/in-memory-with-envoy-opa/envoy.yaml	6cb5bf638bc6257cb13f2b42b89ba7ec75070531	NOASSERTION	https://github.com/Apicurio/apicurio-registry/blob/0d50655ba8d3c6922a2e29469bc5949a62c69ede/distro/docker-compose/in-memory-with-envoy-opa/envoy.yaml
54	envoyproxy/envoy-openssl	changelogs/1.28.2.yaml	e176c9f62693ec5df3ac5d5a30b9238f53ca0f44	NOASSERTION	https://github.com/envoyproxy/envoy-openssl/blob/e877da80e270085bed71eafa0030e72cf87c4536/changelogs/1.28.2.yaml
55	envoyproxy/envoy-openssl	changelogs/1.29.2.yaml	7e9eaf3c2ed80a706f2d09e0ae55d4707dc9f3e7	NOASSERTION	https://github.com/envoyproxy/envoy-openssl/blob/e877da80e270085bed71eafa0030e72cf87c4536/changelogs/1.29.2.yaml
56	envoyproxy/envoy-openssl	changelogs/changelogs.yaml	5ae2a089c7e554ce31b4f69b40a7ab25aae03a34	NOASSERTION	https://github.com/envoyproxy/envoy-openssl/blob/e877da80e270085bed71eafa0030e72cf87c4536/changelogs/changelogs.yaml
57	xmlking/micro-starter-kit	config/base/envoy/config/listeners.yaml	df1de1beda94616ad625e388e9c8388aaa3e5322	NOASSERTION	https://github.com/xmlking/micro-starter-kit/blob/56b08d0a27521d1bfd52323d4f401e51e82d6af4/config/base/envoy/config/listeners.yaml
58	apigee/apigee-remote-service-envoy	loadtest/envoy/config.yaml	1f6beb5abe6aa805b686c4aa4bc312faeea0d847	NOASSERTION	https://github.com/apigee/apigee-remote-service-envoy/blob/02fd629dc317b4981fe8e74131ae17481502a69f/loadtest/envoy/config.yaml
59	10gen/envoy-serverless	changelogs/current.yaml	afcbac9d527a546a09a2bde8ef72d19ae849c010	NOASSERTION	https://github.com/10gen/envoy-serverless/blob/c63cbd73bf5e7d5c5d0c1416ff2a40cce33c1295/changelogs/current.yaml
60	carbynestack/carbynestack	deployments/helmfile.d/0030.istio.yaml	48f1729431d863643cee34b1946ad7f0e102cd24	NOASSERTION	https://github.com/carbynestack/carbynestack/blob/f86a7acbd8f1e4a7c773ad39ce448cae0a657fcd/deployments/helmfile.d/0030.istio.yaml
61	dgn/oidc-filter	examples/envoy/envoy.yaml	19faa5eb861899bfefbdcc746880d5230eec8b0d	NOASSERTION	https://github.com/dgn/oidc-filter/blob/82e74ad16f254e1ffe56ce22769625ff252b08fc/examples/envoy/envoy.yaml
62	wso2/apk	helm-charts/templates/data-plane/gateway-components/envoy-gateway-runtime/enforcer-ext-proc.yaml	037043badf1106e3efe1ef46a142fe5d622f0bcd	NOASSERTION	https://github.com/wso2/apk/blob/00e763dd008d34d2dd9c6636214d3242ff32fb3b/helm-charts/templates/data-plane/gateway-components/envoy-gateway-runtime/enforcer-ext-proc.yaml
63	axsaucedo/kaos	operator/chart/templates/gateway.yaml	00e03f6318569fe8c0e0968e418b3f2adc13ae23	NOASSERTION	https://github.com/axsaucedo/kaos/blob/58b962f993fe50e9745b26417ff55ef314346193/operator/chart/templates/gateway.yaml
64	pgdad/envoy-rust	crates/envoy-config/fuzz/corpus/parse_bootstrap/hcm_jwt_authn_filter.yaml	178692b467ca27462768547e65a4e78058b92e99	NOASSERTION	https://github.com/pgdad/envoy-rust/blob/17ce7a2c2fc3449cf25354e3c0ed23f232edeb07/crates/envoy-config/fuzz/corpus/parse_bootstrap/hcm_jwt_authn_filter.yaml
65	apigee/apigee-remote-service-envoy	loadtest/k8s-files/envoy-config.yaml	25dd3f710c5102d0ced79007bc43c278d8c70cd8	NOASSERTION	https://github.com/apigee/apigee-remote-service-envoy/blob/02fd629dc317b4981fe8e74131ae17481502a69f/loadtest/k8s-files/envoy-config.yaml
66	cilium/proxy	tools/code_format/config.yaml	0ec1e61b2ac7ae3309b08cb6c0d91c373801e554	NOASSERTION	https://github.com/cilium/proxy/blob/ab0596f228a0c4d625eafaa7aeaf37d1909b1b99/tools/code_format/config.yaml
67	envoyproxy/nighthawk	tools/code_format/config.yaml	019ea45a0bec070e8f810bcfbc31c78080140d4e	NOASSERTION	https://github.com/envoyproxy/nighthawk/blob/b668ec6994d1ff2977dee37ad42b19eb5c725c0f/tools/code_format/config.yaml
68	maistra/envoy	changelogs/1.17.4.yaml	98b4099f85e4047bc4b8aaa71952dcb86a700a07	NOASSERTION	https://github.com/maistra/envoy/blob/46552d2ce92f8c8addcc8bee82eb6a23b44f455f/changelogs/1.17.4.yaml
69	maistra/envoy	changelogs/1.19.3.yaml	115cf2fdb785fc46f1937ab494e99fcec1f3962b	NOASSERTION	https://github.com/maistra/envoy/blob/46552d2ce92f8c8addcc8bee82eb6a23b44f455f/changelogs/1.19.3.yaml
70	maistra/envoy	changelogs/1.17.1.yaml	c72d6aed4ead0a7cae39eed45c3a8fb2943e8500	NOASSERTION	https://github.com/maistra/envoy/blob/46552d2ce92f8c8addcc8bee82eb6a23b44f455f/changelogs/1.17.1.yaml
71	maistra/envoy	changelogs/1.18.6.yaml	e57249b3567e1960493ec531a6776f4b9a893489	NOASSERTION	https://github.com/maistra/envoy/blob/46552d2ce92f8c8addcc8bee82eb6a23b44f455f/changelogs/1.18.6.yaml
72	maistra/envoy	changelogs/1.20.2.yaml	8e726e1dea0abcf1046a2410b6492a87a2733d59	NOASSERTION	https://github.com/maistra/envoy/blob/46552d2ce92f8c8addcc8bee82eb6a23b44f455f/changelogs/1.20.2.yaml
73	Regularly-Archive/2021	src/EnvoyJwt/Envoy/envoy.yaml	1d67158bbbb3c727791d75716fb1fefbbe10ba82	NOASSERTION	https://github.com/Regularly-Archive/2021/blob/d1f370e8935822af66b664fcbae4957329988f6b/src/EnvoyJwt/Envoy/envoy.yaml
74	xmlking/micro-apps	config/base/envoy/config/listeners.yaml	e7fff3be4ce4ff593fb45d5f62fe6a1377fa7ee4	NOASSERTION	https://github.com/xmlking/micro-apps/blob/135c0f6b8ccfe17121a367bbfdd8024c77ea3c51/config/base/envoy/config/listeners.yaml
75	nicolerenee/infra	kubernetes/apps/networking/netflow/akvorado/oidc.yaml	d7e8787aedf4a543ad1f9a87890b14a9f35e8a55	NOASSERTION	https://github.com/nicolerenee/infra/blob/34613ffd5ef554d64810c8226a2cd6694339a412/kubernetes/apps/networking/netflow/akvorado/oidc.yaml
76	jbw/TooBigToFailBurgerShop	src/services/ApiGateway/Envoy/envoy.yaml	c5eea089fdc234c9cc58f2f5fee5f6df8de4068b	NOASSERTION	https://github.com/jbw/TooBigToFailBurgerShop/blob/5d014247c56cf9c58c7931677122ee2668408fdd/src/services/ApiGateway/Envoy/envoy.yaml
77	apigee/apigee-remote-service-cli	cmd/samples/templates/envoy-1.16/envoy-config.yaml	fef4bcec5ee81b28c957d62380888c1445490743	NOASSERTION	https://github.com/apigee/apigee-remote-service-cli/blob/3222d003c1d0f8643f76867957fff6710f760728/cmd/samples/templates/envoy-1.16/envoy-config.yaml
78	bptlab/cepta	deployment/dev/envoy.yaml	e539d44f617ddb115654e8cd33dd320760421b94	NOASSERTION	https://github.com/bptlab/cepta/blob/4c9b1d27f98b5813af3ba779c2e38a8b5fca9386/deployment/dev/envoy.yaml
79	apigee/apigee-remote-service-cli	cmd/samples/templates/envoy-1.15/envoy-config.yaml	333594db61ab7dfbc632888bf24569f8dafa86a7	NOASSERTION	https://github.com/apigee/apigee-remote-service-cli/blob/3222d003c1d0f8643f76867957fff6710f760728/cmd/samples/templates/envoy-1.15/envoy-config.yaml
80	envoyproxy/envoy-openssl	tools/code_format/config.yaml	944cd4a892a42f9799de1b0c602c3f8570645704	NOASSERTION	https://github.com/envoyproxy/envoy-openssl/blob/e877da80e270085bed71eafa0030e72cf87c4536/tools/code_format/config.yaml
81	rhetor-ai/DOGE-AI	envoy/envoy.template.yaml	f120fdc2c91eea68ea3d8145f62be72be8f80a8d	NOASSERTION	https://github.com/rhetor-ai/DOGE-AI/blob/42839e3631a7d6fb1df82c20486d601459c73928/envoy/envoy.template.yaml
82	axsaucedo/kaos	operator/chart/values.yaml	532b28080046e02c6cc8ddf6f0db7344a4518a96	NOASSERTION	https://github.com/axsaucedo/kaos/blob/58b962f993fe50e9745b26417ff55ef314346193/operator/chart/values.yaml
83	salrashid123/envoy_iap	envoy_iap.yaml	c0083f1797d6ec9ff8220132116f3da7e6b8ac4b	NOASSERTION	https://github.com/salrashid123/envoy_iap/blob/f0a4905691a6b6d91d92228512b8f56bc6155634/envoy_iap.yaml
84	saarasio/enroute	helm-chart/service-globalconfig/values.yaml	1d1ca4bad8891c491befa09fbef1d6d84314fb13	NOASSERTION	https://github.com/saarasio/enroute/blob/3f746fe37b6c1af27d09dd13690ca544e90be16d/helm-chart/service-globalconfig/values.yaml
85	salrashid123/confidential_space	misc/envoy_cs/envoy-conf-jwt.yaml	c279ee04c3e69edc41611c7abd5f5f7d246e1def	NOASSERTION	https://github.com/salrashid123/confidential_space/blob/00d2d9437ffdf160f123443912bb4ba1e25e83b6/misc/envoy_cs/envoy-conf-jwt.yaml
86	kubevela/catalog	experimental/addons/envoy-gateway/resources/crds/auth.yaml	a91b5a1ac74599028c8a596d340a4a5a8071c2cd	NOASSERTION	https://github.com/kubevela/catalog/blob/d439627ed96fdcf9d13f76eb3e2c09e248864ead/experimental/addons/envoy-gateway/resources/crds/auth.yaml
87	salrashid123/envoy_iap	envoy_google.yaml	474c3222f552d6247b717c17aa5c2bac6c3e375b	NOASSERTION	https://github.com/salrashid123/envoy_iap/blob/f0a4905691a6b6d91d92228512b8f56bc6155634/envoy_google.yaml
88	xujiyou/envoy-examples	jwt/envoy-config.yaml	f1ef9516ca09b0aeb6c9191c0aede0d8e40d62d1	NOASSERTION	https://github.com/xujiyou/envoy-examples/blob/859fc6a824a61d1306e2541717b29a10718220cd/jwt/envoy-config.yaml
89	salrashid123/envoy_wasm	envoy-wasm.yaml	aebe31c7ca4984cb04373ba0cc4729df90056fdf	NOASSERTION	https://github.com/salrashid123/envoy_wasm/blob/b8bb5535a1820436b5476aa8d90d4b46ae7d7752/envoy-wasm.yaml
90	salrashid123/grpc_google_id_tokens	envoy/envoy_config.yaml	9437596db37840116fe085e2e46db605a2e030a1	NOASSERTION	https://github.com/salrashid123/grpc_google_id_tokens/blob/1f447efa755ddde561ef74a7da7005db7f52ccbc/envoy/envoy_config.yaml
91	thesampaton/durable-streams-rust-server	e2e/envoy.yaml	07b2c1c071c4217aed35051197fa47886de10b0d	NOASSERTION	https://github.com/thesampaton/durable-streams-rust-server/blob/a5452e174fd38c82c26e1cadbc6d0b6ac29b5372/e2e/envoy.yaml
92	omerlh/opa-demo	envoy.yaml	91bec57667c7f2a87b1294535fedc5bd35d841c2	NOASSERTION	https://github.com/omerlh/opa-demo/blob/ee765110bf30857f457814cdd53dc78fcfc73cfb/envoy.yaml
93	salrashid123/envoy_cert_bound_token	lua.yaml	35a492df6ee81c9646536143f87c1fa83c2f2e4c	NOASSERTION	https://github.com/salrashid123/envoy_cert_bound_token/blob/80b0736627e9ab03c4b8841ad72fc5f83d7758de/lua.yaml
94	deployKF/deployKF	generator/templates/manifests/deploykf-core/deploykf-istio-gateway/templates/gateway/EnvoyFilter-ext-authz.yaml	bc4b8f2b048050273d408e1db149bff125dd3f59	NOASSERTION	https://github.com/deployKF/deployKF/blob/5631e26721e4bbc2d3e494919330216ee4db28c6/generator/templates/manifests/deploykf-core/deploykf-istio-gateway/templates/gateway/EnvoyFilter-ext-authz.yaml
95	langchain-ai/helm	charts/langsmith-auth-proxy/values.yaml	b6c9b20f516e629b127066c1afd77a04dccace58	NOASSERTION	https://github.com/langchain-ai/helm/blob/09652e5c6afee26876b3f9698bfab6d4db3b0797/charts/langsmith-auth-proxy/values.yaml
96	apigee/apigee-remote-service-cli	cmd/samples/templates/istio-1.9/envoyfilter-sidecar.yaml	df5f2f0466e9537d5a19149c396e6c95943fdbe4	NOASSERTION	https://github.com/apigee/apigee-remote-service-cli/blob/3222d003c1d0f8643f76867957fff6710f760728/cmd/samples/templates/istio-1.9/envoyfilter-sidecar.yaml
97	envoyproxy/envoy-openssl	source/extensions/extensions_metadata.yaml	f96471e1cf6d3fe73d8048b30e21fc59819bd37e	NOASSERTION	https://github.com/envoyproxy/envoy-openssl/blob/e877da80e270085bed71eafa0030e72cf87c4536/source/extensions/extensions_metadata.yaml
98	apigee/apigee-remote-service-cli	cmd/samples/templates/istio-1.2x/envoyfilter-sidecar.yaml	297091d95ac661cfb0048ab15a71fbf18dc1cbad	NOASSERTION	https://github.com/apigee/apigee-remote-service-cli/blob/3222d003c1d0f8643f76867957fff6710f760728/cmd/samples/templates/istio-1.2x/envoyfilter-sidecar.yaml
99	redhat-scholars/istio-tutorial	istiofiles/namespace-rbac-policy-jwt.yml	60f824484f3c299a71d037e8b6bc34580faf7531	NOASSERTION	https://github.com/redhat-scholars/istio-tutorial/blob/aea73b381c599504bbed332fa42be6e4ca60bf74/istiofiles/namespace-rbac-policy-jwt.yml
100	redhat-scholars/istio-tutorial	istiofiles/authorization-policy-jwt.yaml	3d6ca868d2254c72c1def84ae22049ed5804ff81	NOASSERTION	https://github.com/redhat-scholars/istio-tutorial/blob/aea73b381c599504bbed332fa42be6e4ca60bf74/istiofiles/authorization-policy-jwt.yaml
101	redhat-scholars/istio-tutorial	istiofiles/old-namespace-rbac-policy-jwt.yml	b353f563ab755bd81170c0c36030f9e0c83f5765	NOASSERTION	https://github.com/redhat-scholars/istio-tutorial/blob/aea73b381c599504bbed332fa42be6e4ca60bf74/istiofiles/old-namespace-rbac-policy-jwt.yml
102	mosn/mosn	istio/istio1106/mixer/v1/global_dictionary.yaml	ffdd343826169df30a42c8cd34f002fd38708f4c	NOASSERTION	https://github.com/mosn/mosn/blob/707d635b77329221203f42b6016cce22eda79141/istio/istio1106/mixer/v1/global_dictionary.yaml
103	cloudnativebooks/cloud-native-istio	12_security/12.2/vs-frontend.yaml	983ca8da10ff257f9a36f646c19ecc991d164a79	NOASSERTION	https://github.com/cloudnativebooks/cloud-native-istio/blob/8ddf97075c42709b4f89805c2f23dbc8a3f4d530/12_security/12.2/vs-frontend.yaml
104	myelintek/primehub	chart/templates/authService/policy.yaml	244ecfb19cd9f8af968d591e26926618b28d23a5	NOASSERTION	https://github.com/myelintek/primehub/blob/a30152f30177c6f2cdedaaf47d76d8473ef1d3ef/chart/templates/authService/policy.yaml
105	GoogleCloudPlatform/anthos-service-mesh-packages	asm/identity-provider/googleidp.yaml	ad969bd3e790a4da38dddbe2a99bcc6495e1dc6e	NOASSERTION	https://github.com/GoogleCloudPlatform/anthos-service-mesh-packages/blob/4f3f4c674b2e81750186dc865500dfb592954eeb/asm/identity-provider/googleidp.yaml
106	GoogleCloudPlatform/magic-modules	mmv1/products/iam3/ProjectsPolicyBinding.yaml	055445aa74d88ef7d7e1c6d0ac40f787166423a1	NOASSERTION	https://github.com/GoogleCloudPlatform/magic-modules/blob/562bc8623e4f25e618a3ae336496649ab0d780b1/mmv1/products/iam3/ProjectsPolicyBinding.yaml
107	microservices-security-in-action/samples	chapter12/sample05/1.4.0/authzpolicy.yaml	c70c6afd20a347c9ea8dbb8c2c2c6aecf121685d	NOASSERTION	https://github.com/microservices-security-in-action/samples/blob/c3c2dcf054137d12759f4b576a7ff4fd4a6db575/chapter12/sample05/1.4.0/authzpolicy.yaml
108	GoogleCloudPlatform/cloud-run-mesh	manifests/googleidp.yaml	931c22a43216d5314b5c9de567eb67db5434b629	NOASSERTION	https://github.com/GoogleCloudPlatform/cloud-run-mesh/blob/cac57262761bc33a1690d6643a41828c649cb352/manifests/googleidp.yaml
109	microservices-security-in-action/samples	chapter12/sample05/servicerolebinding.yaml	fa84fbe051d062bd32bd13d35a2f78ecd069e347	NOASSERTION	https://github.com/microservices-security-in-action/samples/blob/c3c2dcf054137d12759f4b576a7ff4fd4a6db575/chapter12/sample05/servicerolebinding.yaml
110	GoogleCloudPlatform/magic-modules	mmv1/products/iam3/OrganizationsPolicyBinding.yaml	f7db0fede4be88baaff19b42d19f331117f3cd1e	NOASSERTION	https://github.com/GoogleCloudPlatform/magic-modules/blob/562bc8623e4f25e618a3ae336496649ab0d780b1/mmv1/products/iam3/OrganizationsPolicyBinding.yaml
111	microservices-security-in-action/samples	chapter12/sample05/1.4.0/request.authz.policy.yaml	9d46a6af9b0e2743c37b6cb736e14f3b70fc7b2e	NOASSERTION	https://github.com/microservices-security-in-action/samples/blob/c3c2dcf054137d12759f4b576a7ff4fd4a6db575/chapter12/sample05/1.4.0/request.authz.policy.yaml
112	wso2/istio-apim	install/adapter-artifacts/attributes.yaml	54a0b3d012fe97dcc50d7d7ea624257d47a3c5b3	NOASSERTION	https://github.com/wso2/istio-apim/blob/9868612c9de7750047ab10a71d0843898d907616/install/adapter-artifacts/attributes.yaml
113	GoogleCloudPlatform/anthos-service-mesh-packages	asm/identity-provider/identityprovider-crd.yaml	61efa2df5f75ca9f758bb7be43335db204f82f59	NOASSERTION	https://github.com/GoogleCloudPlatform/anthos-service-mesh-packages/blob/4f3f4c674b2e81750186dc865500dfb592954eeb/asm/identity-provider/identityprovider-crd.yaml
114	microservices-security-in-action/samples	chapter12/grpc/sample01/k8s/authorization-inventory-2.yaml	5a9a11784398cc6f3fa983cc9829503a8158b906	NOASSERTION	https://github.com/microservices-security-in-action/samples/blob/c3c2dcf054137d12759f4b576a7ff4fd4a6db575/chapter12/grpc/sample01/k8s/authorization-inventory-2.yaml
115	istioinaction/book-source-code	ch9/enduser/allow-mesh-all-ops-admin.yaml	cbc91b03e01f67e75807721525842d2001717781	NOASSERTION	https://github.com/istioinaction/book-source-code/blob/088fbcc2de75cfe7fe3ff492a6dfd64e26f8be06/ch9/enduser/allow-mesh-all-ops-admin.yaml
116	dennyzhang/cheatsheet.dennyzhang.com	cheatsheet-knative-A4/yaml/istio.yaml	781ce72501b244493d53ff5935f5bcc22017d958	NOASSERTION	https://github.com/dennyzhang/cheatsheet.dennyzhang.com/blob/d9c6a7044622eb452898580b9dcd37ff54331beb/cheatsheet-knative-A4/yaml/istio.yaml
117	opea-project/GenAIInfra	authN-authZ/auth-istio/gmc-based/chatQnA_authZ_fakejwt.yaml	199c8663bd64e725cce2e7d37072a73ef20e29f0	NOASSERTION	https://github.com/opea-project/GenAIInfra/blob/9200b371d3eb08a33607b23e6f66b7ae5afc4346/authN-authZ/auth-istio/gmc-based/chatQnA_authZ_fakejwt.yaml
118	opea-project/GenAIInfra	authN-authZ/auth-istio/gmc-based/chatQnA_authZ_keycloak.yaml	eb0557a0696a4ebec33baf0082cd4f258961851b	NOASSERTION	https://github.com/opea-project/GenAIInfra/blob/9200b371d3eb08a33607b23e6f66b7ae5afc4346/authN-authZ/auth-istio/gmc-based/chatQnA_authZ_keycloak.yaml
119	layer5io/advanced-istio-service-mesh-workshop	lab-6/identity-verification/add-claims.yaml	b24c590b8d288eeade9896da8aef4396eeef35be	NOASSERTION	https://github.com/layer5io/advanced-istio-service-mesh-workshop/blob/40b7a7edb6571bd6d8779b4c13e0f73fe49d75da/lab-6/identity-verification/add-claims.yaml
120	kiali/kiali.io	static/files/validation_examples/803.yaml	8ea8647e8a34d57d4c4874958bd818e0409ad1fa	NOASSERTION	https://github.com/kiali/kiali.io/blob/cf362857b986c897ce7cc1a10fbc55ba6674c466/static/files/validation_examples/803.yaml
121	kiali/kiali.io	static/files/validation_examples/805.yaml	a1f6442490d956888c47a66a34185d63e494868d	NOASSERTION	https://github.com/kiali/kiali.io/blob/cf362857b986c897ce7cc1a10fbc55ba6674c466/static/files/validation_examples/805.yaml
122	kiali/kiali.io	static/files/validation_examples/804.yaml	82bc46caffe46c7053594327ccdb9fa382607055	NOASSERTION	https://github.com/kiali/kiali.io/blob/cf362857b986c897ce7cc1a10fbc55ba6674c466/static/files/validation_examples/804.yaml
123	kiali/kiali.io	static/files/validation_examples/801.yaml	c83174cbaccbd327104730bd6403ad0631e33c0a	NOASSERTION	https://github.com/kiali/kiali.io/blob/cf362857b986c897ce7cc1a10fbc55ba6674c466/static/files/validation_examples/801.yaml
124	kiali/kiali.io	static/files/validation_examples/806.yaml	410f0815d0a78884fea276e4dd7dd4a4c960f8f1	NOASSERTION	https://github.com/kiali/kiali.io/blob/cf362857b986c897ce7cc1a10fbc55ba6674c466/static/files/validation_examples/806.yaml
125	opea-project/GenAIInfra	authN-authZ/auth-istio/helm-chart-based/chatQnA_authZ_fakejwt.yaml	ae1a7e6e0ad491bd7c5740358ac0550c71e92a28	NOASSERTION	https://github.com/opea-project/GenAIInfra/blob/9200b371d3eb08a33607b23e6f66b7ae5afc4346/authN-authZ/auth-istio/helm-chart-based/chatQnA_authZ_fakejwt.yaml
126	hoangsonww/DocuThinker-AI-App	service-mesh/istio/policies/authorization-policies.yaml	8f4b24a509c02c6e42c3c8973a11b3d12181b135	NOASSERTION	https://github.com/hoangsonww/DocuThinker-AI-App/blob/e63c532cac612774c4d084202ca749038fb373d1/service-mesh/istio/policies/authorization-policies.yaml
127	IBM/charts	stable/ibm-istio/charts/mixer/templates/config.yaml	cc0f046da9caa65f35355dd6fbe17f2be03dc41f	NOASSERTION	https://github.com/IBM/charts/blob/5cbdb83bdc5012d99ba169069b1a2d6bea6a0369/stable/ibm-istio/charts/mixer/templates/config.yaml
128	GoogleCloudPlatform/cloud-run-mesh	manifests/identityprovider-crd-v1.yaml	96aab3c55d93f5c6178c621a2ab6c08f832fde08	NOASSERTION	https://github.com/GoogleCloudPlatform/cloud-run-mesh/blob/cac57262761bc33a1690d6643a41828c649cb352/manifests/identityprovider-crd-v1.yaml
129	GoogleCloudPlatform/asm-user-auth	samples/httpbin-authz.yaml	fdd38c0a5a4f328f8a0c2c4df9b8d81204a15447	NOASSERTION	https://github.com/GoogleCloudPlatform/asm-user-auth/blob/66a857689466751f03f0cade6045bfff31eb196a/samples/httpbin-authz.yaml
130	PacktPublishing/Kubernetes---An-Enterprise-Guide-2E	chapter13/coursed-grained-authorization/coursed-grained-az.yaml	c995c6fd3bf8603f53f615854b4409845efa8637	NOASSERTION	https://github.com/PacktPublishing/Kubernetes---An-Enterprise-Guide-2E/blob/357642cab83c2400d3a5bb9771ea019d33aa554c/chapter13/coursed-grained-authorization/coursed-grained-az.yaml
131	aeciopires/learning-istio	OLD/authorization/rbac/ratings-policy.yaml	66bb9804686f2ac3edc76fd2bb96caaa9902f655	NOASSERTION	https://github.com/aeciopires/learning-istio/blob/8d86ba5c403a7a8a6523cdf8b7fde1103971e208/OLD/authorization/rbac/ratings-policy.yaml
132	redhat-cop/agnosticd	ansible/roles/ocp4-workload-3scale-servicemesh-demo/tasks/provision_api.yaml	074fc4377a42a6a05f35312106a65f372b5f5b48	NOASSERTION	https://github.com/redhat-cop/agnosticd/blob/6d3b75f715e2849c899a180c977a7514ffa7e543/ansible/roles/ocp4-workload-3scale-servicemesh-demo/tasks/provision_api.yaml
133	RedHatTraining/DO328-apps	istio-tutorial/istiofiles/namespace-rbac-policy-jwt.yml	b353f563ab755bd81170c0c36030f9e0c83f5765	NOASSERTION	https://github.com/RedHatTraining/DO328-apps/blob/8d7e5cd37e66dce61354cb764fc5c27bbc81ddc3/istio-tutorial/istiofiles/namespace-rbac-policy-jwt.yml
134	wescale/k8s-advanced-training	Istio/advanced/secured-vs.yaml	987c290ca522a33728e65912dc22fe480f3c25d8	NOASSERTION	https://github.com/wescale/k8s-advanced-training/blob/ea8ab60bcfdbacffab1113fff1da2f8678ec4ede/Istio/advanced/secured-vs.yaml
135	christian-posta/istio-workshop	istio/example/oscon-demo/security-talk/istio/namespace-rbac-policy-jwt.yml	e36e383967ca2ed1efaf6e8a624145a92cf14340	NOASSERTION	https://github.com/christian-posta/istio-workshop/blob/9009ac0ecadd2ed87a0d5f4cce6e1da37521f0d2/istio/example/oscon-demo/security-talk/istio/namespace-rbac-policy-jwt.yml
136	openthings/kubernetes-tools	istio/istio-1.0.0/istio.yaml	bb9cf00404a8e181387b4b9d4d85227dbffc66e2	NOASSERTION	https://github.com/openthings/kubernetes-tools/blob/88b67575b6865d0ca411cad1e49ecee06f3628bf/istio/istio-1.0.0/istio.yaml
137	cloudposse/charts	incubator/istio/_charts/mixer/templates/config.yaml	c0522601689f6dc6815933ecebc8fcbf95696feb	NOASSERTION	https://github.com/cloudposse/charts/blob/efd700de803a84594e7d5a60c3db47b732ae4025/incubator/istio/_charts/mixer/templates/config.yaml
138	PacktPublishing/Kubernetes-An-Enterprise-Guide-Third-Edition	chapter17/coursed-grained-authorization/coursed-grained-az.yaml	d05ffc10f562bd2ac468c5c2f25eb7acc079ede4	NOASSERTION	https://github.com/PacktPublishing/Kubernetes-An-Enterprise-Guide-Third-Edition/blob/f8ad4b0f361c035173f6632521c20e295baa7822/chapter17/coursed-grained-authorization/coursed-grained-az.yaml
139	NVIDIA/cloud-native-docs	secure-services-istio-keycloak/manifests/authorizationPolicy.yaml	3dfdbf147559135e2925acfa75cde013b95da6fe	NOASSERTION	https://github.com/NVIDIA/cloud-native-docs/blob/222b269b1b0850c82595c8098d881241ca76d3f4/secure-services-istio-keycloak/manifests/authorizationPolicy.yaml
140	RedHatGov/service-mesh-workshop-code	config/istio/authorization-boards-shared-lockdown.yaml	6491a9b6da30a1c852b6a53266b81b07b1235641	NOASSERTION	https://github.com/RedHatGov/service-mesh-workshop-code/blob/3bda71039bc1e12e106e77c6f687e55ca991afd3/config/istio/authorization-boards-shared-lockdown.yaml
141	maistra/istio-operator	resources/helm/v2.0/mesh-config/templates/mixer-config.yaml	89c0c3c9f3314019941117190ebade9905d214da	NOASSERTION	https://github.com/maistra/istio-operator/blob/d8661db79a1caeacb50d4b9671ed0c1fdcf3f28b/resources/helm/v2.0/mesh-config/templates/mixer-config.yaml
142	PacktPublishing/Kubernetes---An-Enterprise-Guide-2E	chapter13/write-checks/write_checks.yaml	e69cbc990fd833195ad311913d8339e634556f84	NOASSERTION	https://github.com/PacktPublishing/Kubernetes---An-Enterprise-Guide-2E/blob/357642cab83c2400d3a5bb9771ea019d33aa554c/chapter13/write-checks/write_checks.yaml
143	Sfeir/kubernetes-istio-workshop	manifests/istio/security/rbac/namespace-rbac-policy-jwt.yml	b353f563ab755bd81170c0c36030f9e0c83f5765	NOASSERTION	https://github.com/Sfeir/kubernetes-istio-workshop/blob/5f70ecc25dac4cf74408fc3dcf75582b4f135240/manifests/istio/security/rbac/namespace-rbac-policy-jwt.yml
144	richxcame/ride-hailing	k8s/istio/security-policies.yaml	f2a1d556d940e101b5ce7400cbdae6a41d943f3c	NOASSERTION	https://github.com/richxcame/ride-hailing/blob/8ed6eb9d01eab660bf713b8d48d9f42e4bb596e8/k8s/istio/security-policies.yaml
145	wescale/k8s-advanced-training	Correction/Istio/advanced/secured-vs.yaml	38c567e9d584800d68d841cb39340c5a6ff7fa5b	NOASSERTION	https://github.com/wescale/k8s-advanced-training/blob/ea8ab60bcfdbacffab1113fff1da2f8678ec4ede/Correction/Istio/advanced/secured-vs.yaml
146	somosphi/nestjs-seed	scripts/kubernetes/service-role-binding-user.yaml	7a6750702d7ad299cc78ded2456b52ab47477bed	NOASSERTION	https://github.com/somosphi/nestjs-seed/blob/eadbf1876aabb8502b659b3e07f787a243a66834/scripts/kubernetes/service-role-binding-user.yaml
147	bpbpublications/Security-for-Containers-and-Kubernetes	Chapter 12/request.yaml	8bb340dac68955cedff5d6e079c483e5f32f0bca	NOASSERTION	https://github.com/bpbpublications/Security-for-Containers-and-Kubernetes/blob/5de05d02b829236997e32c6531e2fcde98ec2740/Chapter 12/request.yaml
148	somosphi/nestjs-seed	scripts/kubernetes/service-role-binding-admin.yaml	ff7cbcb3fdb88ef190d4e44f27a035cf8f974079	NOASSERTION	https://github.com/somosphi/nestjs-seed/blob/eadbf1876aabb8502b659b3e07f787a243a66834/scripts/kubernetes/service-role-binding-admin.yaml
149	solsson/istio-access-control	08-authorization/servicerolebinding.yaml	90d52edd64c2d7bf253d06842c8cf84a3be59b52	NOASSERTION	https://github.com/solsson/istio-access-control/blob/11d0de386d33cabbdbeacd1466d301b774fbcd5a/08-authorization/servicerolebinding.yaml
150	rinormaloku/istio-mastery	resource-manifests/istio/security/mod-role.yaml	1b7656ff7c4ad5253e4f5002ca269c7087da1711	NOASSERTION	https://github.com/rinormaloku/istio-mastery/blob/575685ecc69479a0709bd2f37c749bc15740e757/resource-manifests/istio/security/mod-role.yaml
151	achetronic/mcp-forge	chart/values.yaml	11cd110d6c0a539f087bff03676900a0f10216a2	NOASSERTION	https://github.com/achetronic/mcp-forge/blob/20e3d707c0ae8f3d355ba6dea51913e5cd959413/chart/values.yaml
152	rshriram/istio_federation_demo	istio.yaml	c0ccd37a72189429a1741b86ddd567c53953b948	NOASSERTION	https://github.com/rshriram/istio_federation_demo/blob/75b8643128af87ac711d97eb9b7b34896ade32a2/istio.yaml
153	christian-posta/istio-workshop	istio/install/50-istio-almost-full.yaml	f22785cdf9e690fa327d18541ddf6ba2ee5f4361	NOASSERTION	https://github.com/christian-posta/istio-workshop/blob/9009ac0ecadd2ed87a0d5f4cce6e1da37521f0d2/istio/install/50-istio-almost-full.yaml
154	eficode-academy/istio-katas	wip/authn/authz-policy-claims.yaml	963ccbdc169134894b96d7822a06d48ea749da9d	NOASSERTION	https://github.com/eficode-academy/istio-katas/blob/ab439099d4ffcf37b2bda6ac3d7e8c6781ebd663/wip/authn/authz-policy-claims.yaml
155	YourTechBud/ytb-practical-guide	how-to-your-microservice-needs-canary-deployments/virtual-service.yaml	c45f2567bc81857e618246b4f62a314a2ecdefec	NOASSERTION	https://github.com/YourTechBud/ytb-practical-guide/blob/456ebd55470d6439747f994ccf6cc4b132f4bf4c/how-to-your-microservice-needs-canary-deployments/virtual-service.yaml
156	onap/oom	kubernetes/authentication/templates/authorizationpolicy.yaml	abd40725dab2db5f6e8565fe6892a242d561b7fa	NOASSERTION	https://github.com/onap/oom/blob/e4531a26b17f5a50b2dd01210ecd625ec00861cb/kubernetes/authentication/templates/authorizationpolicy.yaml
157	maistra/istio-operator	resources/helm/v1.1/istio/charts/mixer/templates/config.yaml	6a1efacf70e60f53a1809d2508e874ff4370bced	NOASSERTION	https://github.com/maistra/istio-operator/blob/d8661db79a1caeacb50d4b9671ed0c1fdcf3f28b/resources/helm/v1.1/istio/charts/mixer/templates/config.yaml
158	PacktPublishing/Kubernetes-An-Enterprise-Guide-Third-Edition	chapter17/write-checks/write_checks.yaml	23cefcb9dfad7fb40ab022686e11efcfb24d9750	NOASSERTION	https://github.com/PacktPublishing/Kubernetes-An-Enterprise-Guide-Third-Edition/blob/f8ad4b0f361c035173f6632521c20e295baa7822/chapter17/write-checks/write_checks.yaml
159	hb-chen/micro-mesh	examples/adapter/auth/operatorconfig/attributes.yaml	da638cef20ace6caaac479b9230a0a0db5c9a028	NOASSERTION	https://github.com/hb-chen/micro-mesh/blob/1215b3befb1160b4f6eb52efa5b0eb31308953ef/examples/adapter/auth/operatorconfig/attributes.yaml
160	mukundha/hipster-apim-demo	istio-manifests/rbac/checkoutservices-auth-rbac.yaml	4aaeed489eb3be1287fc3e7bff2fba9348374fd2	NOASSERTION	https://github.com/mukundha/hipster-apim-demo/blob/6299410bacb06b56478e59b694602b3345268693/istio-manifests/rbac/checkoutservices-auth-rbac.yaml
161	PacktPublishing/Bootstrap-Service-Mesh-Implementations-with-Istio	Chapter6/03-requestAuthorization.yaml	3e71e4d89d0f794cd81db76ed6c02d7e99ed9a35	NOASSERTION	https://github.com/PacktPublishing/Bootstrap-Service-Mesh-Implementations-with-Istio/blob/2cbf5d7b127bef77e60b6fa75ef3df6a9469c3c5/Chapter6/03-requestAuthorization.yaml
162	PacktPublishing/Bootstrap-Service-Mesh-Implementations-with-Istio	Chapter6/02-requestAuthorization.yaml	76185449549b486df0e4efe1db016dbc0e6e98d3	NOASSERTION	https://github.com/PacktPublishing/Bootstrap-Service-Mesh-Implementations-with-Istio/blob/2cbf5d7b127bef77e60b6fa75ef3df6a9469c3c5/Chapter6/02-requestAuthorization.yaml
163	cyrildiagne/kuda	install/adapter/install/attributes.yaml	7e19b93626f617ea0133bec4a338834a491acd56	NOASSERTION	https://github.com/cyrildiagne/kuda/blob/8e101d955a2efbe3cd98173e6b4ce897929d91d2/install/adapter/install/attributes.yaml
164	chazapp/o11y	apps/gateway/charts/templates/requestauthentication.yaml	922254a2b9d6c2f25d23f6ea9d73ac53369d729e	NOASSERTION	https://github.com/chazapp/o11y/blob/43924c48bffc3a10ea37c135979c6c8c7ca8195a/apps/gateway/charts/templates/requestauthentication.yaml
165	inovex/demo-istio-azure-auth	restricted-access-policy.yaml	48743695560e672aa606cd3ddd9b851f8f22c19d	NOASSERTION	https://github.com/inovex/demo-istio-azure-auth/blob/848bbc9d5ae57e91df029374fa60ef6cef418dd1/restricted-access-policy.yaml
166	Epic-Breakfast-Productions/OpenQuarterMaster	deployment/Kubernetes/yaml/service_mesh/AuthorizationPolicy.yml	fa4bfb0ef90caa4c68dfddd6e51d92ac8b423eee	NOASSERTION	https://github.com/Epic-Breakfast-Productions/OpenQuarterMaster/blob/7592cfbd1a8bf5d2513d2a302c36e9c3224482e6/deployment/Kubernetes/yaml/service_mesh/AuthorizationPolicy.yml
167	openthings/kubernetes-tools	istio/istio-1.0.0/install/kubernetes/istio-demo.yaml	dc41f7b49c9e741ced522c3f2264ff69a8fce097	NOASSERTION	https://github.com/openthings/kubernetes-tools/blob/88b67575b6865d0ca411cad1e49ecee06f3628bf/istio/istio-1.0.0/install/kubernetes/istio-demo.yaml
168	trevorbox/service-mesh-patterns	auth/helm/bookinfo-istio/templates/ingress/rule-auth-headers.yaml	e212aa95495b3089eeb1f81745583ad14e7235e0	NOASSERTION	https://github.com/trevorbox/service-mesh-patterns/blob/8087ad542b9071a72156113832527113f63cf822/auth/helm/bookinfo-istio/templates/ingress/rule-auth-headers.yaml
169	Kiali-QE/kiali-qe-python	data/resources/istio_objects/auth-policy.yaml	1b7e0f981a378349683ab540f2c8ad80cb8b72ba	NOASSERTION	https://github.com/Kiali-QE/kiali-qe-python/blob/75f60eed7cb290e7e3c94f71cf870d1445154468/data/resources/istio_objects/auth-policy.yaml
170	tx19980520/new-tech-stack	Istio/jwt-rbac-jwk/jwt-scope/jwt-role-binding.yaml	23f404abe7e99771397b77a45a162319cd0a7fbd	NOASSERTION	https://github.com/tx19980520/new-tech-stack/blob/b19f823171ebcea06f39b8011a44bd459737a219/Istio/jwt-rbac-jwk/jwt-scope/jwt-role-binding.yaml
171	openthings/kubernetes-tools	istio/istio-1.0.0/install/kubernetes/istio-demo-auth.yaml	24632b31ed02b6c4b3b3a7b195fe5861fe189ef9	NOASSERTION	https://github.com/openthings/kubernetes-tools/blob/88b67575b6865d0ca411cad1e49ecee06f3628bf/istio/istio-1.0.0/install/kubernetes/istio-demo-auth.yaml
172	kyessenov/envoymesh	samples/mixer.yaml	8d4733ae3d9e06538600dca9acf8198558884ad5	NOASSERTION	https://github.com/kyessenov/envoymesh/blob/1581578c9578df5bc4b5bf0bb24ffb4b1524871a/samples/mixer.yaml
173	paolocarta/service-mesh-ocp4	3scale/adapter-configs.yaml	420f22b81641ee8695ca8257f0469fe533f4d5a5	NOASSERTION	https://github.com/paolocarta/service-mesh-ocp4/blob/b6671cac83153504b271e2811dcf7e1299c21120/3scale/adapter-configs.yaml
174	achetronic/kubernetes-mcp	chart/values.yaml	fd8b6aa2cd77c9009ae20332109b5be702377fae	NOASSERTION	https://github.com/achetronic/kubernetes-mcp/blob/f1d117d0c10124210df36510068af0d9af6efd84/chart/values.yaml
175	codecentric/habitcentric	infrastructure/istio/config/31-routing-rules-canary.yaml	0d487d865c5ed7a8e33d315e4e643efa87a34eea	NOASSERTION	https://github.com/codecentric/habitcentric/blob/f7b32260dc90bcbdfacad40cde8a893ef28a289c/infrastructure/istio/config/31-routing-rules-canary.yaml
176	michaelvl/istio-katas	deploy/authn/authz-policy-claims.yaml	963ccbdc169134894b96d7822a06d48ea749da9d	NOASSERTION	https://github.com/michaelvl/istio-katas/blob/aee27c5dd53872b5461e6cfe668a84de1f65a406/deploy/authn/authz-policy-claims.yaml
177	56kcloud/Training	istio-workshop/2_istio/charts_1.0.4/charts/mixer/templates/config.yaml	e8826d1817e7db02f8b4e8d58a934c3e2945a0ac	NOASSERTION	https://github.com/56kcloud/Training/blob/8848b8430ccb65bbc790d6a7c34d2de3ab99b9fa/istio-workshop/2_istio/charts_1.0.4/charts/mixer/templates/config.yaml
178	56kcloud/Training	istio-workshop/2_istio/charts_1.0.2/charts/mixer/templates/config.yaml	e8826d1817e7db02f8b4e8d58a934c3e2945a0ac	NOASSERTION	https://github.com/56kcloud/Training/blob/8848b8430ccb65bbc790d6a7c34d2de3ab99b9fa/istio-workshop/2_istio/charts_1.0.2/charts/mixer/templates/config.yaml
179	camunda-community-hub/c8-kpt-kustomize	security/istio/authorization-policy.yaml	a350319232cbadcf7f3a420824dbdbf9699f3078	NOASSERTION	https://github.com/camunda-community-hub/c8-kpt-kustomize/blob/dd1c525c370746249b2957e9517ae720fa076150/security/istio/authorization-policy.yaml
180	iKubernetes/istio-in-practise	Security/05-JWT-and-Keycloak/06-authz-gateway-authz.yaml	1ebd7869115a09ddeba0fa2ab54cf1b28cca3619	NOASSERTION	https://github.com/iKubernetes/istio-in-practise/blob/ee89f9093444fc3d3e0ea4971edc996d5e6819d4/Security/05-JWT-and-Keycloak/06-authz-gateway-authz.yaml
181	haitwang-cloud/vllm-istio-stack	istio/authorizationpolicy.yaml	2ae3bc201502d8533b336561f707b246fe49c020	NOASSERTION	https://github.com/haitwang-cloud/vllm-istio-stack/blob/51bd48b5e4dfc4643d5ddde520a7320c82fff7f3/istio/authorizationpolicy.yaml
182	phriscage/beer-app	istio-manifests/beer-app/rbac/service-role-beer-api-google-v2.yaml	e784a4e5ec2d50d338bcc44c92b1668b8c8c485c	NOASSERTION	https://github.com/phriscage/beer-app/blob/05fa84fc899193c648c23e35a207d4f43d0924a6/istio-manifests/beer-app/rbac/service-role-beer-api-google-v2.yaml
183	didx-xyz/acapy-cloud	helm/acapy-cloud/values.yaml	c9354e8403d44a58a947b80665bae4c96f756d33	NOASSERTION	https://github.com/didx-xyz/acapy-cloud/blob/ecadf69db72b5126c1219b72969133bc86eb8e81/helm/acapy-cloud/values.yaml
184	didx-xyz/acapy-cloud	helm/acapy-cloud/conf/dev/governance-web.yaml	4db03c001f0dbc247cd3bec628ef916996765828	NOASSERTION	https://github.com/didx-xyz/acapy-cloud/blob/ecadf69db72b5126c1219b72969133bc86eb8e81/helm/acapy-cloud/conf/dev/governance-web.yaml
185	iKubernetes/istio-in-practise	Security/05-JWT-and-Keycloak/others/08-authz-fe-proxy.yaml	7a40756eb50056f343465e92235ae494194112d0	NOASSERTION	https://github.com/iKubernetes/istio-in-practise/blob/ee89f9093444fc3d3e0ea4971edc996d5e6819d4/Security/05-JWT-and-Keycloak/others/08-authz-fe-proxy.yaml
186	iKubernetes/istio-in-practise	Security/05-JWT-and-Keycloak/05-ingress-gateway-authz.yaml	bd3885c17abd6063963e63ff9cf06c2ba36d549b	NOASSERTION	https://github.com/iKubernetes/istio-in-practise/blob/ee89f9093444fc3d3e0ea4971edc996d5e6819d4/Security/05-JWT-and-Keycloak/05-ingress-gateway-authz.yaml
187	didx-xyz/acapy-cloud	helm/acapy-cloud/conf/local/governance-web.yaml	09411c1a69a715dbc548320424c3dba30c93db80	NOASSERTION	https://github.com/didx-xyz/acapy-cloud/blob/ecadf69db72b5126c1219b72969133bc86eb8e81/helm/acapy-cloud/conf/local/governance-web.yaml
188	alexey-izmaylov/tenant-security	src/main/resources/ServiceRoleBinding.yaml	7b788e0f2bb0b0cfdb516028b7274003350c5e8d	NOASSERTION	https://github.com/alexey-izmaylov/tenant-security/blob/17256fe81d4273e579ecaaf46de77882cfb8fa30/src/main/resources/ServiceRoleBinding.yaml
189	cage1016/gokit-istio-security	authz-jwt.yaml	f902de162a6d57b9104721839e96a330be573645	NOASSERTION	https://github.com/cage1016/gokit-istio-security/blob/465fecb9acf423b00b04d3517669216503081416/authz-jwt.yaml
190	sabnak227/jwt-demo	k8s/policy.yml	c25cbf87720704fd649a3404303c577c52dae805	NOASSERTION	https://github.com/sabnak227/jwt-demo/blob/81ef5fb8f83e67b6f4b2b48b26fed049dddec9db/k8s/policy.yml
191	ndy2/Istio-Certified-Associate-excercises	labs-ica/pt3/q6.yaml	67317789b5a9921a3295fe6d1a43a008f91cd35c	NOASSERTION	https://github.com/ndy2/Istio-Certified-Associate-excercises/blob/9c114191526486561b22210c22d6e5449c1b79e8/labs-ica/pt3/q6.yaml
192	sabre1041/istio-pod-network-controller	examples/istio-demo.yaml	dc41f7b49c9e741ced522c3f2264ff69a8fce097	NOASSERTION	https://github.com/sabre1041/istio-pod-network-controller/blob/2b8bb804c5b02d8d94f4ed96b3b67c1b37ec636f/examples/istio-demo.yaml
