n	repo	path	contents_url
01	layer5io/advanced-istio-service-mesh-workshop	lab-6/identity-verification/jwt-issuer.yaml	https://api.github.com/repositories/301049270/contents/lab-6/identity-verification/jwt-issuer.yaml?ref=40b7a7edb6571bd6d8779b4c13e0f73fe49d75da
02	erkules/k8sworkshop	Istio/requestauthentication.yaml	https://api.github.com/repositories/134983331/contents/Istio/requestauthentication.yaml?ref=0852bdcf4a55aaddad53ce82dfb01053dee6215a
03	3scale-demos/ossm-3scale-wasm	bookinfo/RequestAuthentication_bookinfo-oidc.yaml	https://api.github.com/repositories/450556285/contents/bookinfo/RequestAuthentication_bookinfo-oidc.yaml?ref=b4ce088a08bd915aab8639294efa9cd41ba786be
04	PacktPublishing/Bootstrap-Service-Mesh-Implementations-with-Istio	Chapter12/security/requestAuthentication.yaml	https://api.github.com/repositories/507772444/contents/Chapter12/security/requestAuthentication.yaml?ref=2cbf5d7b127bef77e60b6fa75ef3df6a9469c3c5
05	carlosgit2016/istio-api-gtw	0-authentication/requestauthentication.yaml	https://api.github.com/repositories/855137913/contents/0-authentication/requestauthentication.yaml?ref=30e50c97bd3a9fec6bfa36ef911acc5060252b22
06	apssouza22/service-mesh-istio	13-authentication.yaml	https://api.github.com/repositories/225848003/contents/13-authentication.yaml?ref=6461cde79a898dee7dffac3216b0e03318c48489
07	Adam-Guerin/Asmblr	k8s/istio/asmblr-mesh.yaml	https://api.github.com/repositories/1151787107/contents/k8s/istio/asmblr-mesh.yaml?ref=f70ddffed7cef1b91107a04ceb492797757f27ee
08	x0tta6bl4-ai/x0tta6bl4	ops/infra/mtls/istio/mtls-policies.yaml	https://api.github.com/repositories/1007438902/contents/ops/infra/mtls/istio/mtls-policies.yaml?ref=f77b49308f1085e0003e037f63119e382efd2d66
09	gingeekrishna/Vehical_price_calculation	infrastructure/security/auth-config.yaml	https://api.github.com/repositories/1035155319/contents/infrastructure/security/auth-config.yaml?ref=50ace7c94050dd5bf249093c248af947fe174c05
10	coderbydesign/openshift-gateway-api-tutorial	example-generated/09-authentication-policy.yaml	https://api.github.com/repositories/1098477777/contents/example-generated/09-authentication-policy.yaml?ref=40a996b57e6acd3d4dcae09a3cd5d2508de8ce78
11	PacktPublishing/Kubernetes-An-Enterprise-Guide-Third-Edition	chapter17/write-checks/write_checks.yaml	https://api.github.com/repositories/650449161/contents/chapter17/write-checks/write_checks.yaml?ref=f8ad4b0f361c035173f6632521c20e295baa7822
12	feuyeux/asm-best-practises	jwt_ingress/jwt-example.yaml	https://api.github.com/repositories/274915992/contents/jwt_ingress/jwt-example.yaml?ref=c58522310731e9b2c0e7b5fdb39883f4d4bd2f4b
13	fcul-cn/group02	manifests/2-istio-gateway.yaml	https://api.github.com/repositories/776828375/contents/manifests/2-istio-gateway.yaml?ref=80dcdccfdd30a22af896da3bac9509b85d3de469
14	ReionChan/istio-servicemesh-microservice-arch	arch-istio-all-in-one.yaml	https://api.github.com/repositories/819814511/contents/arch-istio-all-in-one.yaml?ref=394718fcbf44a2b266b70bb974102e10571a8f34
15	opea-project/GenAIInfra	authN-authZ/auth-istio/gmc-based/chatQnA_authN_fakejwt.yaml	https://api.github.com/repositories/797130884/contents/authN-authZ/auth-istio/gmc-based/chatQnA_authN_fakejwt.yaml?ref=9200b371d3eb08a33607b23e6f66b7ae5afc4346
16	dnvgl/service-mesh-chart	testing/results/workload-identity.yaml	https://api.github.com/repositories/209833368/contents/testing/results/workload-identity.yaml?ref=cca7fd2923b3f5582171c1db4d4bf67cd4215258
17	ivigasin/defi-copilot	infra/k8s/istio/request-authentication.yaml	https://api.github.com/repositories/1213997145/contents/infra/k8s/istio/request-authentication.yaml?ref=510d63fc47842e0e01d5ee8cfdaf9ec925b96fa7
18	ggalloro/istio-workshop	hipster/old-request-auth.yaml	https://api.github.com/repositories/538610986/contents/hipster/old-request-auth.yaml?ref=59c2dfd0f6770fb7902980acdf5bd80a12c3a60b
19	rayssa-eng/desafio-devops-pleno	environment/kubernetes/apps/service-3/manifest.yaml	https://api.github.com/repositories/1221746020/contents/environment/kubernetes/apps/service-3/manifest.yaml?ref=ce9cf52786d87311fb5a2f897ac05498654dc613
20	UniPro-tech/UniQUE	kustomizations/base/internal-policy.yaml	https://api.github.com/repositories/1203409164/contents/kustomizations/base/internal-policy.yaml?ref=fb514460aea2679b200b82b40d541dad2a5af52c
21	davidmarkgardiner/kagent-public	platform/agentgateway/istio-authorization-policy.yaml	https://api.github.com/repositories/1234892234/contents/platform/agentgateway/istio-authorization-policy.yaml?ref=e35462277d527f049b2886111e16e5658273daf1
22	DevSecOpsSohan/istio	jwt/RequestAuthentication.yaml	https://api.github.com/repositories/565644990/contents/jwt/RequestAuthentication.yaml?ref=906f7fb807f86f20a59bd89faacc9727cfb4a305
23	RudinMaxim/kuber-diploma	JWT.yaml	https://api.github.com/repositories/978586351/contents/JWT.yaml?ref=2d64290aec53bd0dd3c33251de9847b2469e9d43
24	Rawt1/R2	kube/shop/overlays/jwt-auth/request-authn.yaml	https://api.github.com/repositories/605569588/contents/kube/shop/overlays/jwt-auth/request-authn.yaml?ref=084f2b6d8abb7e35f947c2bbd3123485baa85e05
25	boredabdel/istio-workshop-gcp	5-security/jwt/jwt-request-auth.yaml	https://api.github.com/repositories/505157909/contents/5-security/jwt/jwt-request-auth.yaml?ref=486eb59f1f16a26e01d644c062118d53ed46ea78
26	pauwels-labs/slack-bot	deploy/base/requestauthentication.yaml	https://api.github.com/repositories/700859224/contents/deploy/base/requestauthentication.yaml?ref=eed9796263a2ecc3cf792f44c04f49a95fa4ae69
27	schuhu/townhall	manifest.yaml	https://api.github.com/repositories/472011354/contents/manifest.yaml?ref=8d1f6fe2e33f6abeca708f52fd91843c4a4fc579
28	wescale/k8s-advanced-training	Correction/Istio/advanced/request-authent.yml	https://api.github.com/repositories/314500047/contents/Correction/Istio/advanced/request-authent.yml?ref=ea8ab60bcfdbacffab1113fff1da2f8678ec4ede
29	yuweisung/homelab	pulsar-cluster.yaml	https://api.github.com/repositories/813946157/contents/pulsar-cluster.yaml?ref=eed363055a43513cc25aefc4fabdbfe603dd83fe
30	killercoda/scenarios-ica	securing-workloads/assets/env-step1.yaml	https://api.github.com/repositories/725137821/contents/securing-workloads/assets/env-step1.yaml?ref=e2f5cbfc24e4b527d5abc8147c41085f68d93486
31	morgulnet/istioDemo	8.1.jwt-foo-httpbin-sleep.yaml	https://api.github.com/repositories/249251773/contents/8.1.jwt-foo-httpbin-sleep.yaml?ref=810c4b0962428afa26831136ec7daaf89c4e0906
32	cloudnativebooks/istio-definitive-guide	2-practice/12_security/12.2/JWT-enable.yaml	https://api.github.com/repositories/565060948/contents/2-practice/12_security/12.2/JWT-enable.yaml?ref=0d814e744427743159e1029f3928d484533dfc8b
33	cage1016/gokit-istio-security	extauthz/deployments/all.yaml	https://api.github.com/repositories/283434203/contents/extauthz/deployments/all.yaml?ref=465fecb9acf423b00b04d3517669216503081416
34	l12u/gamemaster	kubernetes/gamemaster-policies.yaml	https://api.github.com/repositories/418875325/contents/kubernetes/gamemaster-policies.yaml?ref=080c1196580676c16eb396cc8675a3105c4af4fc
35	bladedancer/authfilter	config/axway.yaml	https://api.github.com/repositories/308695294/contents/config/axway.yaml?ref=d2f1651a9062a3d18d11842b6459d346099b06ce
36	mdobson/istio-poc	auth_rule.yml	https://api.github.com/repositories/453061284/contents/auth_rule.yml?ref=74c4fa237640beac40c3da064efba3092cacb9dc
37	elvislobo472/ZTA-Research	k8s/jwt-auth.yaml	https://api.github.com/repositories/1254276711/contents/k8s/jwt-auth.yaml?ref=cd407a93a5a922d624572f4125e15ce3eb9c78dd
38	argadepp/argocd-demo	manifest/auth.yaml	https://api.github.com/repositories/820867370/contents/manifest/auth.yaml?ref=7f39a50005def8d19143554bcd53ea90b335f59d
39	coolbenzplayz-cmde/Nexora-backend	k8s/service-mesh.yml	https://api.github.com/repositories/1213640178/contents/k8s/service-mesh.yml?ref=4d682f424a0e4fe3b73c5dc58e21b25aa1fac793
40	ritusood/spaar	config-gateways/request-auth.yaml	https://api.github.com/repositories/517401403/contents/config-gateways/request-auth.yaml?ref=4fad8cf3efd06fe8eef72a07a2b417e0ab04cca7
41	camunda-community-hub/c8-kpt-kustomize	security/istio/request-authentication.yaml	https://api.github.com/repositories/605318573/contents/security/istio/request-authentication.yaml?ref=dd1c525c370746249b2957e9517ae720fa076150
42	cloudnativebooks/cloud-native-istio	12_security/12.2/JWT-end-user.yaml	https://api.github.com/repositories/191079968/contents/12_security/12.2/JWT-end-user.yaml?ref=8ddf97075c42709b4f89805c2f23dbc8a3f4d530
43	u-kai/k8s-in-home	services/ele/base/auth.yaml	https://api.github.com/repositories/755458464/contents/services/ele/base/auth.yaml?ref=a3cf2bb043565bf208fcbdc6be283d27e3da37db
44	RoboShop1/learn-terraform	istio-gateway/jwt.yaml	https://api.github.com/repositories/765755723/contents/istio-gateway/jwt.yaml?ref=2c4953ce324df12e702e2092239674545e54f0a2
45	PawelHaracz/azureday25	aks/gitops/infra/istio-gateway.yaml	https://api.github.com/repositories/940826325/contents/aks/gitops/infra/istio-gateway.yaml?ref=39b5c66515fb46a5ab341ebed44c7dc6aebad077
46	aimerzarashi/ts-cqrs-es-v1	servicemesh/_k8s/91_jwt.yaml	https://api.github.com/repositories/683676468/contents/servicemesh/_k8s/91_jwt.yaml?ref=1db5d27de5a04a1979c4069caf42ea95c6d095d9
47	gary-RR/myYouTube_istio_security_intro	lock-dwon-product-page.yaml	https://api.github.com/repositories/414314055/contents/lock-dwon-product-page.yaml?ref=5c7b81a44460e148995fd8da2d291b7cfd094ef5
48	kython220282/AgenticAI-Prod-Implementation	k8s/servicemesh/istio.yaml	https://api.github.com/repositories/1147810254/contents/k8s/servicemesh/istio.yaml?ref=8ae75bde83110bb5d578a4d0faf10ee64c289cab
49	duotify/k8s-courses	istio/gateway-jwt-authorization/authPolicy.yaml	https://api.github.com/repositories/155169185/contents/istio/gateway-jwt-authorization/authPolicy.yaml?ref=095d664e11f75ec10672820d1142aac5d05aef9c
50	wwwil/istio-oidc-demo	istio-ingress-oidc.yaml	https://api.github.com/repositories/316512102/contents/istio-ingress-oidc.yaml?ref=17863e7aee123bd5d6a634212ad0d09b569bdaa1
51	kushin77/code-server	istio/telemetry.yaml	https://api.github.com/repositories/1142027082/contents/istio/telemetry.yaml?ref=f2fa8cb2f1c1a5c5bb49399159a90662e8833028
52	miroku0000/AI-Security-Benchmark	output/o3/modern_istio_004.yaml	https://api.github.com/repositories/1184785287/contents/output/o3/modern_istio_004.yaml?ref=c21cd8b601c85f8a5a32dd77dceb1533a2227104
53	anacondong/anacondong_pipeline	istion/auth/requestAuthentication.yaml	https://api.github.com/repositories/621717884/contents/istion/auth/requestAuthentication.yaml?ref=595794be98107c5032acd69ce8cbe7069aab9023
54	gabheadz/laboratorio_istio	app2/deployment/auth/request-authentication.yaml	https://api.github.com/repositories/745745060/contents/app2/deployment/auth/request-authentication.yaml?ref=829f37c952a36feba27a1f43bc8da1b8e94f9679
55	ahouab/Kubernetes-An-Enterprise-Guide	chapter17/write-checks/write_checks.yaml	https://api.github.com/repositories/885482057/contents/chapter17/write-checks/write_checks.yaml?ref=59e64b432120348f9890c5c572e77654a16e2774
56	xeviknal/istio-lab	requestauthentication.yaml	https://api.github.com/repositories/171461664/contents/requestauthentication.yaml?ref=5fb863c6aa6e001bf2ba234a94da7385b1bac26d
57	openshift/microshift	assets/optional/gateway-api/00-security.istio.io_requestauthentications.yaml	https://api.github.com/repositories/361784175/contents/assets/optional/gateway-api/00-security.istio.io_requestauthentications.yaml?ref=07ebd951a76a42c1410d6047d22b76a6aff2a8a4
58	maistra/istio-operator	resources/helm/v2.5/istio-init/files/requestauthentications.security.istio.io.crd.yaml	https://api.github.com/repositories/144647199/contents/resources/helm/v2.5/istio-init/files/requestauthentications.security.istio.io.crd.yaml?ref=d8661db79a1caeacb50d4b9671ed0c1fdcf3f28b
59	mosesalphonse/ISTIO-Security-JWT	jwt-authentication-sash.yaml	https://api.github.com/repositories/327387973/contents/jwt-authentication-sash.yaml?ref=d1f57130763f49f7cb382467ddec33466f1690b9
60	diegopacheco/sec-playground	pocs/go-istio-keycloak/deploy/requestauthentication.yaml	https://api.github.com/repositories/1296389939/contents/pocs/go-istio-keycloak/deploy/requestauthentication.yaml?ref=5daf90942ddcffead9768ddb05a38ad7b8ac1143
